Cargo_Type,average_tons
Freight,43544.288551401869
Mail,1961.0315420560747664