Arrival_Departure,average_tons
Arrival,24713.134345794393
Departure,20792.185747663551